<?xml version="1.0"?>
<smooks-resource-list xmlns="http://www.milyn.org/xsd/smooks-1.1.xsd"
                      xmlns:jb="http://www.milyn.org/xsd/smooks/javabean-1.4.xsd">

    <jb:bean class="org.milyn.smooks.edi.unedifact.model.r41.UNB41" beanId="unbSegment" createOnElement="unEdifact/UNB" retain="true">
    	<jb:wiring property="syntaxIdentifier" beanIdRef="unbSyntaxIdentifier" />
    	<jb:wiring property="sender" beanIdRef="unbSender" />
    	<jb:wiring property="recipient" beanIdRef="unbRecipient" />
    	<jb:wiring property="date" beanIdRef="unbDateTime" />
    	<jb:value property="controlRef" data="UNB/controlRef" />
    	<jb:wiring property="recipientRef" beanIdRef="unbRecipientRef" />    	
    	<jb:value property="applicationRef" data="UNB/applicationRef" />
    	<jb:value property="processingPriorityCode" data="UNB/processingPriorityCode" />
    	<jb:value property="ackRequest" data="UNB/ackRequest" />
    	<jb:value property="agreementId" data="UNB/agreementId" />
    	<jb:value property="testIndicator" data="UNB/testIndicator" />
    </jb:bean>

    <jb:bean class="org.milyn.smooks.edi.unedifact.model.r41.types.SyntaxIdentifier" beanId="unbSyntaxIdentifier" createOnElement="unEdifact/UNB/syntaxIdentifier">
    	<jb:value property="id" data="UNB/syntaxIdentifier/id" />
    	<jb:value property="versionNum" data="UNB/syntaxIdentifier/versionNum" />
    	<jb:value property="releaseNum" data="UNB/syntaxIdentifier/releaseNum" />
    	<jb:value property="serviceCodeListDirVersion" data="UNB/syntaxIdentifier/serviceCodeListDirVersion" />
    	<jb:value property="codedCharacterEncoding" data="UNB/syntaxIdentifier/codedCharacterEncoding" />
    </jb:bean>

    <jb:bean class="org.milyn.smooks.edi.unedifact.model.r41.types.Party" beanId="unbSender" createOnElement="unEdifact/UNB/sender">
    	<jb:value property="id" data="UNB/sender/id" />
    	<jb:value property="codeQualifier" data="UNB/sender/codeQualifier" />
    	<jb:value property="internalId" data="UNB/sender/internalId" />
    	<jb:value property="internalSubId" data="UNB/sender/internalSubId" />
    </jb:bean>

    <jb:bean class="org.milyn.smooks.edi.unedifact.model.r41.types.Party" beanId="unbRecipient" createOnElement="unEdifact/UNB/recipient">
    	<jb:value property="id" data="UNB/recipient/id" />
    	<jb:value property="codeQualifier" data="UNB/recipient/codeQualifier" />
    	<jb:value property="internalId" data="UNB/recipient/internalId" />
    	<jb:value property="internalSubId" data="UNB/recipient/internalSubId" />
    </jb:bean>
    
    <jb:bean class="org.milyn.smooks.edi.unedifact.model.r41.types.Ref" beanId="unbRecipientRef" createOnElement="unEdifact/UNB/recipientRef">
    	<jb:value property="ref" data="UNB/recipientRef/ref" />
    	<jb:value property="refQualifier" data="UNB/recipientRef/refQualifier" />
    </jb:bean>
    
    <jb:bean class="org.milyn.smooks.edi.unedifact.model.r41.types.DateTime" beanId="unbDateTime" createOnElement="unEdifact/UNB">
    	<jb:value property="date" data="UNB/dateTime/date" />
    	<jb:value property="time" data="UNB/dateTime/time" />
    </jb:bean>

</smooks-resource-list>