<?xml version="1.0"?>
<smooks-resource-list xmlns="http://www.milyn.org/xsd/smooks-1.1.xsd"
                      xmlns:jb="http://www.milyn.org/xsd/smooks/javabean-1.4.xsd">

    <jb:bean beanId="unEdifactInterchange" class="org.milyn.smooks.edi.unedifact.model.r41.UNEdifactInterchange41" createOnElement="#document" retain="true">
    	<jb:wiring property="interchangeDelimiters" beanIdRef="interchangeDelimiters" />
        <jb:wiring property="interchangeHeader" beanIdRef="unbSegment" />
    	<jb:wiring property="interchangeTrailer" beanIdRef="unzSegment" />
    	<jb:wiring property="messages" beanIdRef="unEdifactMessages" />
    </jb:bean>

    <jb:bean beanId="unEdifactMessages" class="java.util.ArrayList" createOnElement="#document">
        <!-- The "unEdifactMessage" binding is defined in the imported unedifact-message.xml. -->
    	<jb:wiring beanIdRef="unEdifactMessage" />
    </jb:bean>	

    <import file="unedifact-message.xml" />

</smooks-resource-list>