<?xml version="1.0" encoding="UTF-8"?>
<medi:edimap xmlns:medi="http://www.milyn.org/schema/edi-message-mapping-1.3.xsd">

	<medi:description name="Remmittance Advice" version="1.0" />

	<medi:delimiters segment="~" field="*" component="^" sub-component="" />

	<medi:segments xmltag="Order">
		<!-- ST*820*0001~ -->
		<medi:segment segcode="ST" xmltag="header">
			<medi:field xmltag="trnset-id" />
			<medi:field xmltag="trnset-ctrl-num" />
		</medi:segment>
		<!-- BPR*I*398615.38*C*CHK************20121031*VEN~  -->
		<medi:segment segcode="BPR" xmltag="rem-details">
			<medi:field xmltag="trn-handling-code" />
			<medi:field xmltag="amount" />
			<medi:field xmltag="cr-debit-flag" />
			<medi:field xmltag="payment-method" />
			<medi:field xmltag="origin-company" />
			<medi:field xmltag="date" />
			<medi:field xmltag="bus-fn-code" />
		</medi:segment>
		
		<!-- TRN*3*5950257~ -->
		<medi:segment segcode="TRN" xmltag="trn-details">
			<medi:field xmltag="check-number" />
			<medi:field xmltag="ref-id" />
		</medi:segment>
		
		<!-- CUR*PR*USD~ -->
		<medi:segment segcode="CUR" xmltag="currency">
			<medi:field xmltag="payer" />
			<medi:field xmltag="currencycode" />
		</medi:segment>
		
		<!-- N1*PR*WAL-MART STORES, INC.*UL*0078742000008~ -->
		<medi:segmentGroup xmltag="loop0100List" minOccurs="0">
			<medi:segment segcode="N1" xmltag="party-idenf" truncatable="true" minOccurs="0">
				<medi:field xmltag="entity-identifier-code" />
				<medi:field xmltag="entity-name" />
				<medi:field xmltag="global-loc-num" />
				<medi:field xmltag="idenf-code" />
			</medi:segment>
		
			
			<!-- REF*PO*4794640444~REF*MC*998901633~ -->
			<medi:segment segcode="REF" xmltag="ref-info" minOccurs="0">
				<medi:field xmltag="ref-id-qualifier" />
				<medi:field xmltag="ref-id" />
			</medi:segment>
		</medi:segmentGroup>
		
		<medi:segmentGroup xmltag="loop0200List" maxOccurs="-1">
			<!--ENT*1~ -->
			<medi:segment segcode="ENT" xmltag="entity" maxOccurs="1">
				<medi:field xmltag="assignment-num" />
			</medi:segment>
			<medi:segmentGroup xmltag="loop0300List" minOccurs="0">
				<!--  ADX*-13.8*06*CM*458267~ -->
				<medi:segment segcode="ADX" xmltag="adjustment" minOccurs="0">
					<medi:field xmltag="monetary-amt" />
					<medi:field xmltag="adj-reason-code" />
					<medi:field xmltag="ref-id-qualifier" />
					<medi:field xmltag="ref-id" />
				</medi:segment>
			</medi:segmentGroup>
			<medi:segmentGroup xmltag="loop0400List" maxOccurs="-1">
				<medi:segment segcode="REF" xmltag="ref-info" maxOccurs="1">
					<medi:field xmltag="ref-id-qualifier" />
					<medi:field xmltag="ref-id" />
				</medi:segment>
			</medi:segmentGroup>
			
			<medi:segmentGroup xmltag="loop0500List" maxOccurs="-1">
				<medi:segment segcode="RMR" xmltag="remit-advice-account" truncatable="true" maxOccurs="1">
					<medi:field xmltag="ref-id-qualifier" />
					<medi:field xmltag="ref-id" />
					<medi:field xmltag="payment-action" />
					<medi:field xmltag="actual-amount" />
					<medi:field xmltag="invoice-amount" />
					<medi:field xmltag="discount-amount" />
				</medi:segment>
				<medi:segment segcode="REF" xmltag="ref-info" maxOccurs="-1">
					<medi:field xmltag="ref-id-qualifier" />
					<medi:field xmltag="ref-id" />
				</medi:segment>
				<!-- DTM*097*20121006~ -->
				<medi:segment segcode="DTM" xmltag="date-time" maxOccurs="-1">
					<medi:field xmltag="qualifier" />
					<medi:field xmltag="date" />
				</medi:segment>
			
			<medi:segmentGroup xmltag="loop0600List" minOccurs="0">
				<!--  ADX*-13.8*06*CM*458267~ -->
				<medi:segment segcode="ADX" xmltag="adjustment" minOccurs="0">
					<medi:field xmltag="monetary-amt" />
					<medi:field xmltag="adj-reason-code" />
					<medi:field xmltag="ref-id-qualifier" />
					<medi:field xmltag="ref-id" />
				</medi:segment>
				<medi:segmentGroup xmltag="loop0700List" maxOccurs="-1">
					<medi:segment segcode="REF" xmltag="ref-info" maxOccurs="1">
						<medi:field xmltag="ref-id-qualifier" />
						<medi:field xmltag="ref-id" />
					</medi:segment>
				</medi:segmentGroup>
			</medi:segmentGroup>
		</medi:segmentGroup>
			
		</medi:segmentGroup>
		<!-- RMR*IV*463412*PO*4780.68*4780.68~ -->
		
		<!-- SE*1772*0001~ -->
		<medi:segment segcode="SE" xmltag="trailer" minOccurs="0">
			<medi:field xmltag="total-segments" />
			<medi:field xmltag="trnset-ctrl-num" />
		</medi:segment>
	</medi:segments>
	
</medi:edimap>